<NotepadPlus>
    <InternalCommands>
        <Shortcut id="42023" Ctrl="yes" Alt="no" Shift="no" Key="191" />
        <Shortcut id="42036" Ctrl="no" Alt="no" Shift="no" Key="0" />
        <Shortcut id="42026" Ctrl="no" Alt="no" Shift="no" Key="0" />
        <Shortcut id="42027" Ctrl="no" Alt="no" Shift="no" Key="0" />
        <Shortcut id="42035" Ctrl="no" Alt="no" Shift="no" Key="0" />
        <Shortcut id="42047" Ctrl="yes" Alt="no" Shift="yes" Key="191" />
    </InternalCommands>
    <Macros>
        <Macro name="Trim Trailing and save" Ctrl="no" Alt="yes" Shift="yes" Key="83">
            <Action type="2" message="0" wParam="42024" lParam="0" sParam="" />
            <Action type="2" message="0" wParam="41006" lParam="0" sParam="" />
        </Macro>
    </Macros>
    <UserDefinedCommands />
    <PluginCommands>
        <PluginCommand moduleName="NppExec.dll" internalID="22" Ctrl="yes" Alt="yes" Shift="no" Key="67" />
        <PluginCommand moduleName="NppExec.dll" internalID="3" Ctrl="yes" Alt="no" Shift="yes" Key="192" />
        <PluginCommand moduleName="ComparePlugin.dll" internalID="1" Ctrl="no" Alt="no" Shift="no" Key="0" />
        <PluginCommand moduleName="NppExec.dll" internalID="23" Ctrl="yes" Alt="yes" Shift="no" Key="82" />
        <PluginCommand moduleName="NppExec.dll" internalID="24" Ctrl="yes" Alt="yes" Shift="yes" Key="82" />
    </PluginCommands>
    <ScintillaKeys>
        <ScintKey ScintID="2333" menuCmdID="44023" Ctrl="yes" Alt="no" Shift="no" Key="187" />
        <ScintKey ScintID="2334" menuCmdID="44024" Ctrl="yes" Alt="no" Shift="no" Key="189" />
        <ScintKey ScintID="2373" menuCmdID="44033" Ctrl="yes" Alt="no" Shift="no" Key="48" />
    </ScintillaKeys>
</NotepadPlus>
